{"Hypervolume": 4.109107022423446e+16, "Sparsity": 1831.7645791055295, "Cardinality": 130, "_timestamp": 1726673922.633934, "_runtime": 151.139790058136, "_step": 400}