{"metrics/mean_priority": 0.5806479454040527, "metrics/max_priority": 3.1764931678771973, "metrics/min_priority": 0.25118863582611084, "_timestamp": 1728034502.1653812, "losses/critic_loss": 114.87499237060547, "losses/policy_loss": -192.62588500976562, "global_step": 8300, "_runtime": 8687.272144079208, "_step": 138, "eval/scalarized_return": 39.893165588378906, "eval/scalarized_discounted_return": 39.893165588378906, "eval/vec_0": 0.0, "eval/discounted_vec_0": 0.0, "eval/vec_1": 13.316136360168457, "eval/discounted_vec_1": 13.316136360168457, "eval/vec_2": 47.847530364990234, "eval/discounted_vec_2": 47.847530364990234, "eval/vec_3": 48.28189468383789, "eval/discounted_vec_3": 48.28189468383789, "eval/vec_4": 39.893165588378906, "eval/discounted_vec_4": 39.893165588378906, "eval/vec_5": -19.799999237060547, "eval/discounted_vec_5": -19.799999237060547}