{"Hypervolume": 214669946.29436904, "Sparsity": 6734.274274505632, "Cardinality": 7, "_timestamp": 1726672827.068344, "_runtime": 83.9025251865387, "_step": 200}