{"metrics/mean_priority": 0.25806760787963867, "metrics/max_priority": 0.4007301926612854, "metrics/min_priority": 0.25118863582611084, "_timestamp": 1727962322.450954, "losses/critic_loss": 0.4241608679294586, "losses/policy_loss": -3.979598045349121, "global_step": 2100, "_runtime": 2200.7594408988953, "_step": 30, "eval/scalarized_return": 0.0, "eval/scalarized_discounted_return": 0.0, "eval/vec_0": 0.23097436130046844, "eval/discounted_vec_0": 0.23097436130046844, "eval/vec_1": 0.0, "eval/discounted_vec_1": 0.0, "eval/vec_2": 0.0, "eval/discounted_vec_2": 0.0, "eval/vec_3": 2.5999999046325684, "eval/discounted_vec_3": 2.5999999046325684}