{"_wandb": {"runtime": 30}, "Hypervolume": 1.9571041015834984e+16, "Sparsity": 11304.978621727061, "Cardinality": 35, "_timestamp": 1727703383.336522, "_runtime": 29.89244508743286, "_step": 100}