{"metrics/mean_priority": 0.2511886954307556, "metrics/max_priority": 0.25118863582611084, "metrics/min_priority": 0.25118863582611084, "_timestamp": 1727962764.951236, "losses/critic_loss": 0.37248528003692627, "losses/policy_loss": -1.8422932624816895, "global_step": 700, "_runtime": 152.3348081111908, "_step": 6}