{"metrics/mean_priority": 0.2511886954307556, "metrics/max_priority": 0.25118863582611084, "metrics/min_priority": 0.25118863582611084, "_timestamp": 1727959656.040999, "losses/critic_loss": 0.05267500877380371, "losses/policy_loss": -2.629467248916626, "global_step": 200, "_runtime": 109.53711605072021, "_step": 1}